"census_id","state","year","population","poverty_rate"
1,"Alabama",1910,2138093,36.4831183676295
2,"Alabama",1920,2348174,33.2191311206069
3,"Alabama",1930,2646248,29.4773203418576
4,"Alabama",1940,2832961,27.5345477752782
5,"Alabama",1950,3061743,25.4770893572713
6,"Alabama",1960,3266740,23.8783313027667
7,"Alabama",1970,3444165,22.6482471077896
8,"Alabama",1980,3893888,20.0324970826074
9,"Alabama",1990,4040587,19.305190062731
10,"Alabama",2000,4447100,17.5404870589823
11,"Alabama",2010,4779736,16.3197925575806
12,"Alabama",2020,5024279,15.5254714158987
13,"Alaska",1910,64356,117.462241282864
14,"Alaska",1920,55036,137.353732102624
15,"Alaska",1930,59278,127.524545362529
16,"Alaska",1940,72524,104.233081462688
17,"Alaska",1950,128643,58.7626221403419
18,"Alaska",1960,226167,33.423974319861
19,"Alaska",1970,300382,25.1659553501874
20,"Alaska",1980,401851,18.8114500150553
21,"Alaska",1990,550043,13.7432891610292
22,"Alaska",2000,626932,12.0577670305551
23,"Alaska",2010,710231,10.6435793424956
24,"Alaska",2020,733391,10.3074621859281
25,"Arizona",1910,204354,449.183769341437
26,"Arizona",1920,334162,274.694609201525
27,"Arizona",1930,435573,210.739646396815
28,"Arizona",1940,499261,183.856740262107
29,"Arizona",1950,749587,122.457433226563
30,"Arizona",1960,1302161,70.4924352672212
31,"Arizona",1970,1770900,51.8338133152634
32,"Arizona",1980,2718215,33.7694038183146
33,"Arizona",1990,3665228,25.0441445934605
34,"Arizona",2000,5130632,17.8910707296879
35,"Arizona",2010,6392017,14.3604905931883
36,"Arizona",2020,7151502,12.8354155532642
37,"Arkansas",1910,1574449,29.1975160834044
38,"Arkansas",1920,1752204,26.23552965294
39,"Arkansas",1930,1854482,24.7885932567693
40,"Arkansas",1940,1949387,23.5817721160549
41,"Arkansas",1950,1909511,24.0742263333387
42,"Arkansas",1960,1786272,25.7351623940811
43,"Arkansas",1970,1923295,23.9016895484052
44,"Arkansas",1980,2286435,20.1055354733461
45,"Arkansas",1990,2350725,19.5556689957354
46,"Arkansas",2000,2673400,17.1953317872372
47,"Arkansas",2010,2915918,15.7651895560849
48,"Arkansas",2020,3011524,15.2646965456692
49,"California",1910,2377549,193.381166907601
50,"California",1920,3426861,134.167449453013
51,"California",1930,5677251,80.985181032158
52,"California",1940,6907387,66.5625366003092
53,"California",1950,10586223,43.4312785589346
54,"California",1960,15717204,29.2528620230418
55,"California",1970,19953134,23.0426558554661
56,"California",1980,23667902,19.4260226360579
57,"California",1990,29760021,15.4493573778056
58,"California",2000,33871648,13.573983763648
59,"California",2010,37253956,12.3415940041374
60,"California",2020,39538223,11.6285752144197
61,"Colorado",1910,799024,67.4163729750295
62,"Colorado",1920,939629,57.3282646661608
63,"Colorado",1930,1035791,52.0059548692738
64,"Colorado",1940,1123296,47.9546797994473
65,"Colorado",1950,1325089,40.651835461618
66,"Colorado",1960,1753947,30.7120454608948
67,"Colorado",1970,2207259,24.4046122362623
68,"Colorado",1980,2889964,18.6394363389994
69,"Colorado",1990,3294394,16.3512014652771
70,"Colorado",2000,4301261,12.5236064493645
71,"Colorado",2010,5029196,10.7109168145366
72,"Colorado",2020,5773714,9.32974858124251
73,"Connecticut",1910,1114756,32.2536949789909
74,"Connecticut",1920,1380631,26.0424400147469
75,"Connecticut",1930,1606903,22.3753393950973
76,"Connecticut",1940,1709242,21.0356403598788
77,"Connecticut",1950,2007280,17.9122992307999
78,"Connecticut",1960,2535234,14.1821228336319
79,"Connecticut",1970,3031709,11.859647479359
80,"Connecticut",1980,3107576,11.5701112378265
81,"Connecticut",1990,3287116,10.938159772883
82,"Connecticut",2000,3405565,10.5577194973521
83,"Connecticut",2010,3574097,10.0598836573266
84,"Connecticut",2020,3605944,9.971036710498
85,"Delaware",1910,202322,53.974851968644
86,"Delaware",1920,223003,48.9692963771788
87,"Delaware",1930,238380,45.8104706770702
88,"Delaware",1940,266505,40.9759666797996
89,"Delaware",1950,318085,34.3313894084914
90,"Delaware",1960,446292,24.4689575434917
91,"Delaware",1970,548104,19.9237735904135
92,"Delaware",1980,594338,18.3738882588695
93,"Delaware",1990,666168,16.3927117483878
94,"Delaware",2000,783600,13.9360643185299
95,"Delaware",2010,897934,12.1615842589767
96,"Delaware",2020,989948,11.0311854764089
97,"District of Columbia",1910,331069,29.8460441781018
98,"District of Columbia",1920,437571,22.5817067401633
99,"District of Columbia",1930,486869,20.2951923412663
100,"District of Columbia",1940,663091,14.9015745953421
101,"District of Columbia",1950,802178,12.3178396814672
102,"District of Columbia",1960,763956,12.9341218604213
103,"District of Columbia",1970,756510,13.0614268152437
104,"District of Columbia",1980,638333,15.4795381094194
105,"District of Columbia",1990,606900,16.2812654473554
106,"District of Columbia",2000,572059,17.2728687075983
107,"District of Columbia",2010,601723,16.4213433756064
108,"District of Columbia",2020,689545,14.3298841990008
109,"Florida",1910,752619,364.259472588388
110,"Florida",1920,968470,283.073920720311
111,"Florida",1930,1468211,186.722889284987
112,"Florida",1940,1897414,144.485389061112
113,"Florida",1950,2771305,98.9240087251313
114,"Florida",1960,4951560,55.3661068430959
115,"Florida",1970,6789443,40.3786584554874
116,"Florida",1980,9746324,28.1284102601145
117,"Florida",1990,12937926,21.1895322326005
118,"Florida",2000,15982378,17.1531795831634
119,"Florida",2010,18801310,14.5813562991089
120,"Florida",2020,21538187,12.7284900999327
121,"Georgia",1910,2609121,56.6226710068257
122,"Georgia",1920,2895832,51.0165644968354
123,"Georgia",1930,2908506,50.7942565702117
124,"Georgia",1940,3123723,47.2946544876098
125,"Georgia",1950,3444578,42.8892595841929
126,"Georgia",1960,3943116,37.466663420503
127,"Georgia",1970,4589575,32.189342150417
128,"Georgia",1980,5463105,27.0423870674278
129,"Georgia",1990,6478216,22.8049512396623
130,"Georgia",2000,8186453,18.0463260462132
131,"Georgia",2010,9687653,15.2498649569715
132,"Georgia",2020,10711908,13.7916979869506
133,"Hawaii",1910,191909,74.6150519256523
134,"Hawaii",1920,255912,55.9539998124355
135,"Hawaii",1930,368336,38.8756461491682
136,"Hawaii",1940,423330,33.8253844518461
137,"Hawaii",1950,499794,28.6504039664342
138,"Hawaii",1960,632772,22.6294779162163
139,"Hawaii",1970,768561,18.6313122836053
140,"Hawaii",1980,964691,14.8434058159556
141,"Hawaii",1990,1108229,12.9208854848592
142,"Hawaii",2000,1211537,11.8191190198896
143,"Hawaii",2010,1360301,10.5265672818001
144,"Hawaii",2020,1455271,9.83961062922301
145,"Idaho",1910,325594,59.5643654367095
146,"Idaho",1920,431866,44.9069850370254
147,"Idaho",1930,445032,43.5784393032411
148,"Idaho",1940,524873,36.9495096909157
149,"Idaho",1950,588637,32.9469605206604
150,"Idaho",1960,667191,29.0678381452987
151,"Idaho",1970,712567,27.2168090860228
152,"Idaho",1980,943935,20.5456943539545
153,"Idaho",1990,1006749,19.2637886901303
154,"Idaho",2000,1293953,14.9880250673711
155,"Idaho",2010,1567582,12.3717929907335
156,"Idaho",2020,1839106,10.5452323030864
157,"Illinois",1910,5638591,25.2703911314014
158,"Illinois",1920,6485280,21.9712024769941
159,"Illinois",1930,7630654,18.6732880300955
160,"Illinois",1940,7897241,18.0429342348803
161,"Illinois",1950,8712176,16.3552021905894
162,"Illinois",1960,10081158,14.1342294208661
163,"Illinois",1970,11113976,12.820740300321
164,"Illinois",1980,11426518,12.47006305858
165,"Illinois",1990,11430602,12.4656076731567
166,"Illinois",2000,12419293,11.4732295952757
167,"Illinois",2010,12830632,11.1054077460876
168,"Illinois",2020,12812508,11.1211169585221
169,"Indiana",1910,2700876,30.2053111657107
170,"Indiana",1920,2930390,27.8395708421063
171,"Indiana",1930,3238503,25.1908983873104
172,"Indiana",1940,3427796,23.7997827175246
173,"Indiana",1950,3934224,20.7361858399522
174,"Indiana",1960,4662498,17.4972300256215
175,"Indiana",1970,5193669,15.7077395575267
176,"Indiana",1980,5490224,14.8592844299249
177,"Indiana",1990,5544159,14.7147295018054
178,"Indiana",2000,6080485,13.4168244802841
179,"Indiana",2010,6483802,12.5822472678839
180,"Indiana",2020,6785528,12.0227637407141
181,"Iowa",1910,2224771,15.501685341997
182,"Iowa",1920,2404021,14.3458397410006
183,"Iowa",1930,2470939,13.9573255349485
184,"Iowa",1940,2538268,13.5870995497717
185,"Iowa",1950,2621073,13.1578555805199
186,"Iowa",1960,2757537,12.5067043524711
187,"Iowa",1970,2824376,12.2107325653525
188,"Iowa",1980,2913808,11.8359548741715
189,"Iowa",1990,2776755,12.4201450974249
190,"Iowa",2000,2926324,11.7853320411547
191,"Iowa",2010,3046355,11.3209721125739
192,"Iowa",2020,3190369,10.8099407936825
193,"Kansas",1910,1690949,18.9133439269901
194,"Kansas",1920,1769257,18.0762320002125
195,"Kansas",1930,1880999,17.0024013835201
196,"Kansas",1940,1801028,17.7573585752137
197,"Kansas",1950,1905299,16.7855543932999
198,"Kansas",1960,2178611,14.6797661445756
199,"Kansas",1970,2246578,14.2356508431935
200,"Kansas",1980,2363679,13.5303905479551
201,"Kansas",1990,2477574,12.9083934526274
202,"Kansas",2000,2688418,11.8960295608793
203,"Kansas",2010,2853118,11.2093155628334
204,"Kansas",2020,2937880,10.8859109289692
205,"Kentucky",1910,2289905,30.9796694622703
206,"Kentucky",1920,2416630,29.3551350434282
207,"Kentucky",1930,2614589,27.1325627087087
208,"Kentucky",1940,2845627,24.9296552218544
209,"Kentucky",1950,2944806,24.0900419246633
210,"Kentucky",1960,3038156,23.349854319528
211,"Kentucky",1970,3218706,22.0400682758848
212,"Kentucky",1980,3660777,19.3785363052707
213,"Kentucky",1990,3685296,19.2496070871919
214,"Kentucky",2000,4041769,17.5518442543352
215,"Kentucky",2010,4339367,16.3481217421804
216,"Kentucky",2020,4505836,15.7441371590089
217,"Louisiana",1910,1656388,50.6819054472744
218,"Louisiana",1920,1798509,46.6769418446057
219,"Louisiana",1930,2101593,39.9453652538812
220,"Louisiana",1940,2363880,35.5131817181921
221,"Louisiana",1950,2683516,31.2831747602772
222,"Louisiana",1960,3257022,25.7747414662842
223,"Louisiana",1970,3641306,23.0546128229816
224,"Louisiana",1980,4205900,19.9597945742885
225,"Louisiana",1990,4219973,19.8932315443724
226,"Louisiana",2000,4468976,18.7848178195631
227,"Louisiana",2010,4533372,18.5179817583909
228,"Louisiana",2020,4657757,18.0234606485482
229,"Maine",1910,742371,19.1273635419487
230,"Maine",1920,768014,18.488725465942
231,"Maine",1930,797423,17.8068603488989
232,"Maine",1940,847226,16.7601088729572
233,"Maine",1950,913774,15.539509769374
234,"Maine",1960,969265,14.6498635564061
235,"Maine",1970,992048,14.3134203183717
236,"Maine",1980,1124660,12.6256824284673
237,"Maine",1990,1227928,11.5638701943436
238,"Maine",2000,1274923,11.1376138009903
239,"Maine",2010,1328361,10.6895640567587
240,"Maine",2020,1362359,10.4228033873597
241,"Maryland",1910,1295346,45.1691671568832
242,"Maryland",1920,1449661,40.360953353922
243,"Maryland",1930,1631526,35.8619476490108
244,"Maryland",1940,1821244,32.126228006791
245,"Maryland",1950,2343001,24.9721190900047
246,"Maryland",1960,3100689,18.8699027861227
247,"Maryland",1970,3922399,14.9168149390207
248,"Maryland",1980,4216975,13.8748036210791
249,"Maryland",1990,4781468,12.2367649433187
250,"Maryland",2000,5296486,11.0468903344595
251,"Maryland",2010,5773552,10.1340907642297
252,"Maryland",2020,6177224,9.47184366310822
253,"Massachusetts",1910,3366416,21.0943329641969
254,"Massachusetts",1920,3852356,18.4334729189099
255,"Massachusetts",1930,4249614,16.7102941584812
256,"Massachusetts",1940,4316721,16.4505188081416
257,"Massachusetts",1950,4690514,15.1395561339333
258,"Massachusetts",1960,5148578,13.7926044822473
259,"Massachusetts",1970,5689170,12.4820140723515
260,"Massachusetts",1980,5737037,12.3778703187726
261,"Massachusetts",1990,6016425,11.8030724225765
262,"Massachusetts",2000,6349097,11.1846298772881
263,"Massachusetts",2010,6547629,10.8454984239333
264,"Massachusetts",2020,7029917,10.1014421649644
265,"Michigan",1910,2810173,47.0519786504247
266,"Michigan",1920,3668412,36.0439885160118
267,"Michigan",1930,4842325,27.3059325840376
268,"Michigan",1940,5256106,25.1563039253775
269,"Michigan",1950,6371766,20.7515781339114
270,"Michigan",1960,7823194,16.9015622008095
271,"Michigan",1970,8875083,14.8983620772899
272,"Michigan",1980,9262078,14.2758676832564
273,"Michigan",1990,9295297,14.2248494050271
274,"Michigan",2000,9938444,13.3043160478642
275,"Michigan",2010,9883640,13.3780874252806
276,"Michigan",2020,10077331,13.120954347932
277,"Minnesota",1910,2075708,25.0258706908679
278,"Minnesota",1920,2387125,21.7610724197518
279,"Minnesota",1930,2563953,20.260277782003
280,"Minnesota",1940,2792300,18.6034451885542
281,"Minnesota",1950,2982483,17.4171654959978
282,"Minnesota",1960,3413864,15.2163062148932
283,"Minnesota",1970,3804971,13.6522459698116
284,"Minnesota",1980,4075970,12.7445491502636
285,"Minnesota",1990,4375099,11.8731941837202
286,"Minnesota",2000,4919479,10.55932955502
287,"Minnesota",2010,5303925,9.79395447710893
288,"Minnesota",2020,5706494,9.1030324398834
289,"Mississippi",1910,1797114,28.9015610584526
290,"Mississippi",1920,1790618,29.0064100774146
291,"Mississippi",1930,2009821,25.8427989358256
292,"Mississippi",1940,2183796,23.7839981390203
293,"Mississippi",1950,2178914,23.8372877497689
294,"Mississippi",1960,2178141,23.8457473597898
295,"Mississippi",1970,2216912,23.4287152579805
296,"Mississippi",1980,2520638,20.6056561870447
297,"Mississippi",1990,2573216,20.1846249984455
298,"Mississippi",2000,2844658,18.2585744929619
299,"Mississippi",2010,2967297,17.5039438249693
300,"Mississippi",2020,2961279,17.5395158645977
301,"Missouri",1910,3293335,21.9781164078358
302,"Missouri",1920,3404055,21.2632580848429
303,"Missouri",1930,3629367,19.9432297698194
304,"Missouri",1940,3784664,19.124894574525
305,"Missouri",1950,3954653,18.3028194888401
306,"Missouri",1960,4319813,16.7556558582513
307,"Missouri",1970,4676501,15.4776616106786
308,"Missouri",1980,4916686,14.7215624508053
309,"Missouri",1990,5117073,14.1450590992155
310,"Missouri",2000,5595211,12.9362949851221
311,"Missouri",2010,5988927,12.0858544443771
312,"Missouri",2020,6154913,11.7599225204321
313,"Montana",1910,376053,34.6496371522099
314,"Montana",1920,548889,23.7390437775215
315,"Montana",1930,537606,24.2372666971723
316,"Montana",1940,559456,23.2906609277584
317,"Montana",1950,591024,22.0466512358212
318,"Montana",1960,674767,19.3105175564306
319,"Montana",1970,694409,18.7643017299603
320,"Montana",1980,786690,16.5631951594656
321,"Montana",1990,799065,16.3066834362661
322,"Montana",2000,902195,14.4426648340991
323,"Montana",2010,989415,13.1694991484867
324,"Montana",2020,1084225,12.0178929650211
325,"Nebraska",1910,1192214,16.5763864541097
326,"Nebraska",1920,1296372,15.2445440043444
327,"Nebraska",1930,1377963,14.3418945211156
328,"Nebraska",1940,1315834,15.0190677547472
329,"Nebraska",1950,1325510,14.9094310869024
330,"Nebraska",1960,1411330,14.0028200350024
331,"Nebraska",1970,1483493,13.3216671733537
332,"Nebraska",1980,1569825,12.5890465497747
333,"Nebraska",1990,1578385,12.520772815251
334,"Nebraska",2000,1711263,11.5485463076102
335,"Nebraska",2010,1826341,10.8208708012359
336,"Nebraska",2020,1961504,10.0752279883192
337,"Nevada",1910,81875,468.69251908397
338,"Nevada",1920,77407,495.745862777268
339,"Nevada",1930,91058,421.425904368644
340,"Nevada",1940,110247,348.074777544967
341,"Nevada",1950,160083,239.714398155957
342,"Nevada",1960,285278,134.51510456467
343,"Nevada",1970,488738,78.5169149933093
344,"Nevada",1980,800493,47.9382080792711
345,"Nevada",1990,1201833,31.9297273414859
346,"Nevada",2000,1998257,19.2038361431988
347,"Nevada",2010,2700551,14.2097668216597
348,"Nevada",2020,3104614,12.3603771676608
349,"New Hampshire",1910,430572,23.2177196845127
350,"New Hampshire",1920,443083,22.5621384706703
351,"New Hampshire",1930,465293,21.4851717090092
352,"New Hampshire",1940,491524,20.338579601403
353,"New Hampshire",1950,533242,18.7473979919061
354,"New Hampshire",1960,606921,16.4715012332742
355,"New Hampshire",1970,737681,13.5517927125682
356,"New Hampshire",1980,920610,10.8589956659172
357,"New Hampshire",1990,1109252,9.01228936256144
358,"New Hampshire",2000,1235786,8.08950740662218
359,"New Hampshire",2010,1316470,7.59371652981078
360,"New Hampshire",2020,1377529,7.25712489537425
361,"New Jersey",1910,2537167,34.9022748601097
362,"New Jersey",1920,3155900,28.0594759022783
363,"New Jersey",1930,4041334,21.9117994206863
364,"New Jersey",1940,4160165,21.2859105347985
365,"New Jersey",1950,4835329,18.3137279800402
366,"New Jersey",1960,6066782,14.5963543769992
367,"New Jersey",1970,7168164,12.3536375562836
368,"New Jersey",1980,7364823,12.0237648616946
369,"New Jersey",1990,7730188,11.4554652487106
370,"New Jersey",2000,8414350,10.5240333477928
371,"New Jersey",2010,8791894,10.0721073297744
372,"New Jersey",2020,9288994,9.53309906325701
373,"New Mexico",1910,327301,106.89609869814
374,"New Mexico",1920,360350,97.0922714028028
375,"New Mexico",1930,423317,82.6501179966786
376,"New Mexico",1940,531818,65.787919927494
377,"New Mexico",1950,681187,51.3621076150895
378,"New Mexico",1960,951023,36.7890156179188
379,"New Mexico",1970,1016000,34.4362204724409
380,"New Mexico",1980,1302894,26.8534508563245
381,"New Mexico",1990,1515069,23.0928096344127
382,"New Mexico",2000,1819046,19.2338181662256
383,"New Mexico",2010,2059179,16.9908492656539
384,"New Mexico",2020,2117522,16.522709091098
385,"New York",1910,9113614,29.6006063017372
386,"New York",1920,10385227,25.9761775067603
387,"New York",1930,12588066,21.4304961540558
388,"New York",1940,13479142,20.0137738737377
389,"New York",1950,14830192,18.1904927461492
390,"New York",1960,16782304,16.0745807011957
391,"New York",1970,18236967,14.7923994159774
392,"New York",1980,17558072,15.3643577723112
393,"New York",1990,17990455,14.9950904521314
394,"New York",2000,18976457,14.2159571726166
395,"New York",2010,19378102,13.9213066377708
396,"New York",2020,20201249,13.3540505342021
397,"North Carolina",1910,2206287,61.2711764153984
398,"North Carolina",1920,2559123,52.8234867960626
399,"North Carolina",1930,3170276,42.6403884078232
400,"North Carolina",1940,3571623,37.8488435089594
401,"North Carolina",1950,4061929,33.2801976597818
402,"North Carolina",1960,4556155,29.6701495010596
403,"North Carolina",1970,5082059,26.599809250542
404,"North Carolina",1980,5881766,22.9831992636225
405,"North Carolina",1990,6628637,20.3936042960265
406,"North Carolina",2000,8049313,16.7942034307773
407,"North Carolina",2010,9535483,14.1767123909717
408,"North Carolina",2020,10439388,12.9492073673284
409,"North Dakota",1910,577056,13.0807062052903
410,"North Dakota",1920,646872,11.6689236819649
411,"North Dakota",1930,680845,11.0866643656045
412,"North Dakota",1940,641935,11.7586671547742
413,"North Dakota",1950,619636,12.1818293320595
414,"North Dakota",1960,632446,11.93509011046
415,"North Dakota",1970,617761,12.2188030646156
416,"North Dakota",1980,652717,11.5644299137298
417,"North Dakota",1990,638800,11.8163744520977
418,"North Dakota",2000,642200,11.7538150109
419,"North Dakota",2010,672591,11.222719304897
420,"North Dakota",2020,779094,9.68856132892822
421,"Ohio",1910,4767121,31.8455520638138
422,"Ohio",1920,5759394,26.3589537371466
423,"Ohio",1930,6646697,22.8401565469285
424,"Ohio",1940,6907612,21.9774359069386
425,"Ohio",1950,7946627,19.103904084085
426,"Ohio",1960,9706397,15.6403658329656
427,"Ohio",1970,10652017,14.2519111638669
428,"Ohio",1980,10797630,14.0597149559672
429,"Ohio",1990,10847115,13.9955739383237
430,"Ohio",2000,11353140,13.3717720383964
431,"Ohio",2010,11536504,13.1592378418973
432,"Ohio",2020,11799448,12.8659916972387
433,"Oklahoma",1910,1657155,37.4768805573407
434,"Oklahoma",1920,2028283,30.6194944196643
435,"Oklahoma",1930,2396040,25.9198510876279
436,"Oklahoma",1940,2336434,26.5811060787508
437,"Oklahoma",1950,2233351,27.8079889815797
438,"Oklahoma",1960,2328284,26.6741514351342
439,"Oklahoma",1970,2559229,24.2670741852331
440,"Oklahoma",1980,3025290,20.5286104803176
441,"Oklahoma",1990,3145585,19.7435453182794
442,"Oklahoma",2000,3450654,17.998037473476
443,"Oklahoma",2010,3751351,16.5553689857334
444,"Oklahoma",2020,3959353,15.6856435887379
445,"Oregon",1910,672765,74.878746664883
446,"Oregon",1920,783389,64.3049621580084
447,"Oregon",1930,953786,52.8166695673872
448,"Oregon",1940,1089684,46.2297326564399
449,"Oregon",1950,1521341,33.1127603870533
450,"Oregon",1960,1768687,28.4820321515339
451,"Oregon",1970,2091385,24.0872914360579
452,"Oregon",1980,2633105,19.1317095216484
453,"Oregon",1990,2842321,17.7234731756195
454,"Oregon",2000,3421399,14.7237431237923
455,"Oregon",2010,3831074,13.1492631048108
456,"Oregon",2020,4237256,11.8887789644997
457,"Pennsylvania",1910,7665111,19.5391299617188
458,"Pennsylvania",1920,8720017,17.1753793599256
459,"Pennsylvania",1930,9631350,15.5502188166768
460,"Pennsylvania",1940,9900180,15.1279673702902
461,"Pennsylvania",1950,10498012,14.2664725473737
462,"Pennsylvania",1960,11319366,13.2312710800234
463,"Pennsylvania",1970,11793909,12.6988939799349
464,"Pennsylvania",1980,11863895,12.6239822587776
465,"Pennsylvania",1990,11881643,12.6051254022697
466,"Pennsylvania",2000,12281054,12.1951747789726
467,"Pennsylvania",2010,12702379,11.7906732274324
468,"Pennsylvania",2020,13002700,11.5183461896375
469,"Rhode Island",1910,542610,22.131365068834
470,"Rhode Island",1920,604397,19.8688941209172
471,"Rhode Island",1930,687497,17.4672762208417
472,"Rhode Island",1940,713346,16.8343272409181
473,"Rhode Island",1950,791896,15.164491296837
474,"Rhode Island",1960,859488,13.9719228191668
475,"Rhode Island",1970,946725,12.6844648657213
476,"Rhode Island",1980,947154,12.6787196168733
477,"Rhode Island",1990,1003464,11.9672454617206
478,"Rhode Island",2000,1048319,11.4551963667548
479,"Rhode Island",2010,1052567,11.4089649399991
480,"Rhode Island",2020,1097379,10.9430743617292
481,"South Carolina",1910,1515400,47.818001847697
482,"South Carolina",1920,1683724,43.0375762298334
483,"South Carolina",1930,1738765,41.6752120039223
484,"South Carolina",1940,1899804,38.1425662857853
485,"South Carolina",1950,2117027,34.2288501752694
486,"South Carolina",1960,2382594,30.4136583908127
487,"South Carolina",1970,2590516,27.972573803829
488,"South Carolina",1980,3121820,23.2119084380265
489,"South Carolina",1990,3486703,20.7827853419118
490,"South Carolina",2000,4012012,18.0616109822204
491,"South Carolina",2010,4625364,15.666529163975
492,"South Carolina",2020,5118425,14.1573628606456
493,"South Dakota",1910,583888,17.3293508344066
494,"South Dakota",1920,636547,15.8957626066889
495,"South Dakota",1930,692849,14.6040479238622
496,"South Dakota",1940,642961,15.7371909027142
497,"South Dakota",1950,652740,15.5014247633055
498,"South Dakota",1960,680514,14.8687609659757
499,"South Dakota",1970,665507,15.2040474405228
500,"South Dakota",1980,690768,14.6480439163366
501,"South Dakota",1990,696004,14.5378474836352
502,"South Dakota",2000,754844,13.4046240017805
503,"South Dakota",2010,814180,12.4277186862856
504,"South Dakota",2020,886667,11.4117250331861
505,"Tennessee",1910,2184789,44.0994073111866
506,"Tennessee",1920,2337885,41.2115651539746
507,"Tennessee",1930,2616556,36.8224108331715
508,"Tennessee",1940,2915841,33.042919692809
509,"Tennessee",1950,3291718,29.2697916407177
510,"Tennessee",1960,3567089,27.0102315922031
511,"Tennessee",1970,3923687,24.5554500142341
512,"Tennessee",1980,4591120,20.9857071912736
513,"Tennessee",1990,4877185,19.7548175843237
514,"Tennessee",2000,5689283,16.9349810863689
515,"Tennessee",2010,6346105,15.1822101903451
516,"Tennessee",2020,6910840,13.9415613731471
517,"Texas",1910,3896542,104.999971769841
518,"Texas",1920,4663228,87.7368209317666
519,"Texas",1930,5824715,70.2415139624857
520,"Texas",1940,6414824,63.7798948186264
521,"Texas",1950,7711194,53.0575161252589
522,"Texas",1960,9579677,42.7088303707943
523,"Texas",1970,11196730,36.5407400196307
524,"Texas",1980,14229191,28.7533423368904
525,"Texas",1990,16986510,24.0859835245733
526,"Texas",2000,20851820,19.6211553715695
527,"Texas",2010,25145561,16.270736612319
528,"Texas",2020,29145505,14.0377324050484
529,"Utah",1910,373351,81.0700922188503
530,"Utah",1920,449396,67.3517343278534
531,"Utah",1930,507847,59.5998401093243
532,"Utah",1940,550310,55.0009994366811
533,"Utah",1950,688862,43.9385537306456
534,"Utah",1960,890627,33.9845973679217
535,"Utah",1970,1059273,28.5739370303973
536,"Utah",1980,1461037,20.7165184728381
537,"Utah",1990,1722850,17.5683315436631
538,"Utah",2000,2233169,13.553654022602
539,"Utah",2010,2763885,10.951106865879
540,"Utah",2020,3271616,9.25157475693969
541,"Vermont",1910,355956,17.3029812673477
542,"Vermont",1920,352428,17.4761937190008
543,"Vermont",1930,359611,17.1271179135232
544,"Vermont",1940,359231,17.1452352386069
545,"Vermont",1950,377747,16.3048283639579
546,"Vermont",1960,389881,15.7973843300905
547,"Vermont",1970,444330,13.8615443476695
548,"Vermont",1980,511456,12.0422871175624
549,"Vermont",1990,562758,10.9444912377967
550,"Vermont",2000,608827,10.1163384672493
551,"Vermont",2010,625741,9.84289026929672
552,"Vermont",2020,643077,9.57754670125039
553,"Virginia",1910,2061612,42.0569922953495
554,"Virginia",1920,2309187,37.5479335367816
555,"Virginia",1930,2421851,35.8012115526513
556,"Virginia",1940,2677773,32.3795930424274
557,"Virginia",1950,3318680,26.126411705859
558,"Virginia",1960,3966949,21.8568980846489
559,"Virginia",1970,4648494,18.6523205149883
560,"Virginia",1980,5346818,16.2162243038757
561,"Virginia",1990,6187358,14.013283213934
562,"Virginia",2000,7078515,12.2490663649085
563,"Virginia",2010,8001024,10.8367628943495
564,"Virginia",2020,8631393,10.0453310375278
565,"Washington",1910,1141990,69.4632177164423
566,"Washington",1920,1356621,58.4734424721422
567,"Washington",1930,1563396,50.7397358058995
568,"Washington",1940,1736191,45.689846336031
569,"Washington",1950,2378963,33.3449070035978
570,"Washington",1960,2853214,27.8024361299223
571,"Washington",1970,3409169,23.2685149958832
572,"Washington",1980,4132156,19.1973149126025
573,"Washington",1990,4866692,16.299839809053
574,"Washington",2000,5894121,13.4585462361563
575,"Washington",2010,6724540,11.796539242833
576,"Washington",2020,7705281,10.295056079071
577,"West Virginia",1910,1221119,23.0871847870683
578,"West Virginia",1920,1463701,19.2609009626966
579,"West Virginia",1930,1729205,16.3035614632158
580,"West Virginia",1940,1901974,14.8226000986344
581,"West Virginia",1950,2005552,14.0570775527137
582,"West Virginia",1960,1860421,15.1536668313247
583,"West Virginia",1970,1744237,16.1630558232625
584,"West Virginia",1980,1949644,14.4601783710257
585,"West Virginia",1990,1793477,15.7192983238703
586,"West Virginia",2000,1808344,15.5900647221989
587,"West Virginia",2010,1852994,15.2144043639645
588,"West Virginia",2020,1793716,15.7172038382888
589,"Wisconsin",1910,2333860,26.3113040199498
590,"Wisconsin",1920,2632067,23.330295163459
591,"Wisconsin",1930,2939006,20.8937647626442
592,"Wisconsin",1940,3137587,19.5713776223576
593,"Wisconsin",1950,3434575,17.8790388912748
594,"Wisconsin",1960,3951777,15.5390600228707
595,"Wisconsin",1970,4417731,13.9000993949156
596,"Wisconsin",1980,4705767,13.049286120626
597,"Wisconsin",1990,4891769,12.5531070661759
598,"Wisconsin",2000,5363675,11.4486615986241
599,"Wisconsin",2010,5686986,10.7977934181656
600,"Wisconsin",2020,5893718,10.4190427841984
601,"Wyoming",1910,145965,40.7344226355633
602,"Wyoming",1920,194402,30.5850762852234
603,"Wyoming",1930,225565,26.359585928668
604,"Wyoming",1940,250742,23.7128203492036
605,"Wyoming",1950,290529,20.4654268592808
606,"Wyoming",1960,330066,18.0139729629832
607,"Wyoming",1970,332416,17.8866239892183
608,"Wyoming",1980,469557,12.6625734468872
609,"Wyoming",1990,453588,13.1083714736721
610,"Wyoming",2000,493782,12.0413461811083
611,"Wyoming",2010,563626,10.5491939690504
612,"Wyoming",2020,576851,10.3073410638102
