"census_id","state","year","population","poverty_perc"
1,"Alabama",1910,2138093,15.7
2,"Alabama",1920,2348174,15.7
3,"Alabama",1930,2646248,15.7
4,"Alabama",1940,2832961,15.7
5,"Alabama",1950,3061743,15.7
6,"Alabama",1960,3266740,15.7
7,"Alabama",1970,3444165,15.7
8,"Alabama",1980,3893888,15.7
9,"Alabama",1990,4040587,15.7
10,"Alabama",2000,4447100,15.7
11,"Alabama",2010,4779736,15.7
12,"Alabama",2020,5024279,15.7
13,"Alaska",1910,64356,10.5
14,"Alaska",1920,55036,10.5
15,"Alaska",1930,59278,10.5
16,"Alaska",1940,72524,10.5
17,"Alaska",1950,128643,10.5
18,"Alaska",1960,226167,10.5
19,"Alaska",1970,300382,10.5
20,"Alaska",1980,401851,10.5
21,"Alaska",1990,550043,10.5
22,"Alaska",2000,626932,10.5
23,"Alaska",2010,710231,10.5
24,"Alaska",2020,733391,10.5
25,"Arizona",1910,204354,12.6
26,"Arizona",1920,334162,12.6
27,"Arizona",1930,435573,12.6
28,"Arizona",1940,499261,12.6
29,"Arizona",1950,749587,12.6
30,"Arizona",1960,1302161,12.6
31,"Arizona",1970,1770900,12.6
32,"Arizona",1980,2718215,12.6
33,"Arizona",1990,3665228,12.6
34,"Arizona",2000,5130632,12.6
35,"Arizona",2010,6392017,12.6
36,"Arizona",2020,7151502,12.6
37,"Arkansas",1910,1574449,15.4
38,"Arkansas",1920,1752204,15.4
39,"Arkansas",1930,1854482,15.4
40,"Arkansas",1940,1949387,15.4
41,"Arkansas",1950,1909511,15.4
42,"Arkansas",1960,1786272,15.4
43,"Arkansas",1970,1923295,15.4
44,"Arkansas",1980,2286435,15.4
45,"Arkansas",1990,2350725,15.4
46,"Arkansas",2000,2673400,15.4
47,"Arkansas",2010,2915918,15.4
48,"Arkansas",2020,3011524,15.4
49,"California",1910,2377549,12
50,"California",1920,3426861,12
51,"California",1930,5677251,12
52,"California",1940,6907387,12
53,"California",1950,10586223,12
54,"California",1960,15717204,12
55,"California",1970,19953134,12
56,"California",1980,23667902,12
57,"California",1990,29760021,12
58,"California",2000,33871648,12
59,"California",2010,37253956,12
60,"California",2020,39538223,12
61,"Colorado",1910,799024,9.4
62,"Colorado",1920,939629,9.4
63,"Colorado",1930,1035791,9.4
64,"Colorado",1940,1123296,9.4
65,"Colorado",1950,1325089,9.4
66,"Colorado",1960,1753947,9.4
67,"Colorado",1970,2207259,9.4
68,"Colorado",1980,2889964,9.4
69,"Colorado",1990,3294394,9.4
70,"Colorado",2000,4301261,9.4
71,"Colorado",2010,5029196,9.4
72,"Colorado",2020,5773714,9.4
73,"Connecticut",1910,1114756,10.2
74,"Connecticut",1920,1380631,10.2
75,"Connecticut",1930,1606903,10.2
76,"Connecticut",1940,1709242,10.2
77,"Connecticut",1950,2007280,10.2
78,"Connecticut",1960,2535234,10.2
79,"Connecticut",1970,3031709,10.2
80,"Connecticut",1980,3107576,10.2
81,"Connecticut",1990,3287116,10.2
82,"Connecticut",2000,3405565,10.2
83,"Connecticut",2010,3574097,10.2
84,"Connecticut",2020,3605944,10.2
85,"Delaware",1910,202322,10.8
86,"Delaware",1920,223003,10.8
87,"Delaware",1930,238380,10.8
88,"Delaware",1940,266505,10.8
89,"Delaware",1950,318085,10.8
90,"Delaware",1960,446292,10.8
91,"Delaware",1970,548104,10.8
92,"Delaware",1980,594338,10.8
93,"Delaware",1990,666168,10.8
94,"Delaware",2000,783600,10.8
95,"Delaware",2010,897934,10.8
96,"Delaware",2020,989948,10.8
97,"District of Columbia",1910,331069,15.2
98,"District of Columbia",1920,437571,15.2
99,"District of Columbia",1930,486869,15.2
100,"District of Columbia",1940,663091,15.2
101,"District of Columbia",1950,802178,15.2
102,"District of Columbia",1960,763956,15.2
103,"District of Columbia",1970,756510,15.2
104,"District of Columbia",1980,638333,15.2
105,"District of Columbia",1990,606900,15.2
106,"District of Columbia",2000,572059,15.2
107,"District of Columbia",2010,601723,15.2
108,"District of Columbia",2020,689545,15.2
109,"Florida",1910,752619,12.4
110,"Florida",1920,968470,12.4
111,"Florida",1930,1468211,12.4
112,"Florida",1940,1897414,12.4
113,"Florida",1950,2771305,12.4
114,"Florida",1960,4951560,12.4
115,"Florida",1970,6789443,12.4
116,"Florida",1980,9746324,12.4
117,"Florida",1990,12937926,12.4
118,"Florida",2000,15982378,12.4
119,"Florida",2010,18801310,12.4
120,"Florida",2020,21538187,12.4
121,"Georgia",1910,2609121,13.7
122,"Georgia",1920,2895832,13.7
123,"Georgia",1930,2908506,13.7
124,"Georgia",1940,3123723,13.7
125,"Georgia",1950,3444578,13.7
126,"Georgia",1960,3943116,13.7
127,"Georgia",1970,4589575,13.7
128,"Georgia",1980,5463105,13.7
129,"Georgia",1990,6478216,13.7
130,"Georgia",2000,8186453,13.7
131,"Georgia",2010,9687653,13.7
132,"Georgia",2020,10711908,13.7
133,"Hawaii",1910,191909,10.2
134,"Hawaii",1920,255912,10.2
135,"Hawaii",1930,368336,10.2
136,"Hawaii",1940,423330,10.2
137,"Hawaii",1950,499794,10.2
138,"Hawaii",1960,632772,10.2
139,"Hawaii",1970,768561,10.2
140,"Hawaii",1980,964691,10.2
141,"Hawaii",1990,1108229,10.2
142,"Hawaii",2000,1211537,10.2
143,"Hawaii",2010,1360301,10.2
144,"Hawaii",2020,1455271,10.2
145,"Idaho",1910,325594,10.1
146,"Idaho",1920,431866,10.1
147,"Idaho",1930,445032,10.1
148,"Idaho",1940,524873,10.1
149,"Idaho",1950,588637,10.1
150,"Idaho",1960,667191,10.1
151,"Idaho",1970,712567,10.1
152,"Idaho",1980,943935,10.1
153,"Idaho",1990,1006749,10.1
154,"Idaho",2000,1293953,10.1
155,"Idaho",2010,1567582,10.1
156,"Idaho",2020,1839106,10.1
157,"Illinois",1910,5638591,11.6
158,"Illinois",1920,6485280,11.6
159,"Illinois",1930,7630654,11.6
160,"Illinois",1940,7897241,11.6
161,"Illinois",1950,8712176,11.6
162,"Illinois",1960,10081158,11.6
163,"Illinois",1970,11113976,11.6
164,"Illinois",1980,11426518,11.6
165,"Illinois",1990,11430602,11.6
166,"Illinois",2000,12419293,11.6
167,"Illinois",2010,12830632,11.6
168,"Illinois",2020,12812508,11.6
169,"Indiana",1910,2700876,12.2
170,"Indiana",1920,2930390,12.2
171,"Indiana",1930,3238503,12.2
172,"Indiana",1940,3427796,12.2
173,"Indiana",1950,3934224,12.2
174,"Indiana",1960,4662498,12.2
175,"Indiana",1970,5193669,12.2
176,"Indiana",1980,5490224,12.2
177,"Indiana",1990,5544159,12.2
178,"Indiana",2000,6080485,12.2
179,"Indiana",2010,6483802,12.2
180,"Indiana",2020,6785528,12.2
181,"Iowa",1910,2224771,11.1
182,"Iowa",1920,2404021,11.1
183,"Iowa",1930,2470939,11.1
184,"Iowa",1940,2538268,11.1
185,"Iowa",1950,2621073,11.1
186,"Iowa",1960,2757537,11.1
187,"Iowa",1970,2824376,11.1
188,"Iowa",1980,2913808,11.1
189,"Iowa",1990,2776755,11.1
190,"Iowa",2000,2926324,11.1
191,"Iowa",2010,3046355,11.1
192,"Iowa",2020,3190369,11.1
193,"Kansas",1910,1690949,11.2
194,"Kansas",1920,1769257,11.2
195,"Kansas",1930,1880999,11.2
196,"Kansas",1940,1801028,11.2
197,"Kansas",1950,1905299,11.2
198,"Kansas",1960,2178611,11.2
199,"Kansas",1970,2246578,11.2
200,"Kansas",1980,2363679,11.2
201,"Kansas",1990,2477574,11.2
202,"Kansas",2000,2688418,11.2
203,"Kansas",2010,2853118,11.2
204,"Kansas",2020,2937880,11.2
205,"Kentucky",1910,2289905,16.1
206,"Kentucky",1920,2416630,16.1
207,"Kentucky",1930,2614589,16.1
208,"Kentucky",1940,2845627,16.1
209,"Kentucky",1950,2944806,16.1
210,"Kentucky",1960,3038156,16.1
211,"Kentucky",1970,3218706,16.1
212,"Kentucky",1980,3660777,16.1
213,"Kentucky",1990,3685296,16.1
214,"Kentucky",2000,4041769,16.1
215,"Kentucky",2010,4339367,16.1
216,"Kentucky",2020,4505836,16.1
217,"Louisiana",1910,1656388,18.9
218,"Louisiana",1920,1798509,18.9
219,"Louisiana",1930,2101593,18.9
220,"Louisiana",1940,2363880,18.9
221,"Louisiana",1950,2683516,18.9
222,"Louisiana",1960,3257022,18.9
223,"Louisiana",1970,3641306,18.9
224,"Louisiana",1980,4205900,18.9
225,"Louisiana",1990,4219973,18.9
226,"Louisiana",2000,4468976,18.9
227,"Louisiana",2010,4533372,18.9
228,"Louisiana",2020,4657757,18.9
229,"Maine",1910,742371,10.5
230,"Maine",1920,768014,10.5
231,"Maine",1930,797423,10.5
232,"Maine",1940,847226,10.5
233,"Maine",1950,913774,10.5
234,"Maine",1960,969265,10.5
235,"Maine",1970,992048,10.5
236,"Maine",1980,1124660,10.5
237,"Maine",1990,1227928,10.5
238,"Maine",2000,1274923,10.5
239,"Maine",2010,1328361,10.5
240,"Maine",2020,1362359,10.5
241,"Maryland",1910,1295346,9.7
242,"Maryland",1920,1449661,9.7
243,"Maryland",1930,1631526,9.7
244,"Maryland",1940,1821244,9.7
245,"Maryland",1950,2343001,9.7
246,"Maryland",1960,3100689,9.7
247,"Maryland",1970,3922399,9.7
248,"Maryland",1980,4216975,9.7
249,"Maryland",1990,4781468,9.7
250,"Maryland",2000,5296486,9.7
251,"Maryland",2010,5773552,9.7
252,"Maryland",2020,6177224,9.7
253,"Massachusetts",1910,3366416,10.5
254,"Massachusetts",1920,3852356,10.5
255,"Massachusetts",1930,4249614,10.5
256,"Massachusetts",1940,4316721,10.5
257,"Massachusetts",1950,4690514,10.5
258,"Massachusetts",1960,5148578,10.5
259,"Massachusetts",1970,5689170,10.5
260,"Massachusetts",1980,5737037,10.5
261,"Massachusetts",1990,6016425,10.5
262,"Massachusetts",2000,6349097,10.5
263,"Massachusetts",2010,6547629,10.5
264,"Massachusetts",2020,7029917,10.5
265,"Michigan",1910,2810173,13.5
266,"Michigan",1920,3668412,13.5
267,"Michigan",1930,4842325,13.5
268,"Michigan",1940,5256106,13.5
269,"Michigan",1950,6371766,13.5
270,"Michigan",1960,7823194,13.5
271,"Michigan",1970,8875083,13.5
272,"Michigan",1980,9262078,13.5
273,"Michigan",1990,9295297,13.5
274,"Michigan",2000,9938444,13.5
275,"Michigan",2010,9883640,13.5
276,"Michigan",2020,10077331,13.5
277,"Minnesota",1910,2075708,9.2
278,"Minnesota",1920,2387125,9.2
279,"Minnesota",1930,2563953,9.2
280,"Minnesota",1940,2792300,9.2
281,"Minnesota",1950,2982483,9.2
282,"Minnesota",1960,3413864,9.2
283,"Minnesota",1970,3804971,9.2
284,"Minnesota",1980,4075970,9.2
285,"Minnesota",1990,4375099,9.2
286,"Minnesota",2000,4919479,9.2
287,"Minnesota",2010,5303925,9.2
288,"Minnesota",2020,5706494,9.2
289,"Mississippi",1910,1797114,18.3
290,"Mississippi",1920,1790618,18.3
291,"Mississippi",1930,2009821,18.3
292,"Mississippi",1940,2183796,18.3
293,"Mississippi",1950,2178914,18.3
294,"Mississippi",1960,2178141,18.3
295,"Mississippi",1970,2216912,18.3
296,"Mississippi",1980,2520638,18.3
297,"Mississippi",1990,2573216,18.3
298,"Mississippi",2000,2844658,18.3
299,"Mississippi",2010,2967297,18.3
300,"Mississippi",2020,2961279,18.3
301,"Missouri",1910,3293335,12
302,"Missouri",1920,3404055,12
303,"Missouri",1930,3629367,12
304,"Missouri",1940,3784664,12
305,"Missouri",1950,3954653,12
306,"Missouri",1960,4319813,12
307,"Missouri",1970,4676501,12
308,"Missouri",1980,4916686,12
309,"Missouri",1990,5117073,12
310,"Missouri",2000,5595211,12
311,"Missouri",2010,5988927,12
312,"Missouri",2020,6154913,12
313,"Montana",1910,376053,11.8
314,"Montana",1920,548889,11.8
315,"Montana",1930,537606,11.8
316,"Montana",1940,559456,11.8
317,"Montana",1950,591024,11.8
318,"Montana",1960,674767,11.8
319,"Montana",1970,694409,11.8
320,"Montana",1980,786690,11.8
321,"Montana",1990,799065,11.8
322,"Montana",2000,902195,11.8
323,"Montana",2010,989415,11.8
324,"Montana",2020,1084225,11.8
325,"Nebraska",1910,1192214,10.2
326,"Nebraska",1920,1296372,10.2
327,"Nebraska",1930,1377963,10.2
328,"Nebraska",1940,1315834,10.2
329,"Nebraska",1950,1325510,10.2
330,"Nebraska",1960,1411330,10.2
331,"Nebraska",1970,1483493,10.2
332,"Nebraska",1980,1569825,10.2
333,"Nebraska",1990,1578385,10.2
334,"Nebraska",2000,1711263,10.2
335,"Nebraska",2010,1826341,10.2
336,"Nebraska",2020,1961504,10.2
337,"Nevada",1910,81875,12.2
338,"Nevada",1920,77407,12.2
339,"Nevada",1930,91058,12.2
340,"Nevada",1940,110247,12.2
341,"Nevada",1950,160083,12.2
342,"Nevada",1960,285278,12.2
343,"Nevada",1970,488738,12.2
344,"Nevada",1980,800493,12.2
345,"Nevada",1990,1201833,12.2
346,"Nevada",2000,1998257,12.2
347,"Nevada",2010,2700551,12.2
348,"Nevada",2020,3104614,12.2
349,"New Hampshire",1910,430572,7.3
350,"New Hampshire",1920,443083,7.3
351,"New Hampshire",1930,465293,7.3
352,"New Hampshire",1940,491524,7.3
353,"New Hampshire",1950,533242,7.3
354,"New Hampshire",1960,606921,7.3
355,"New Hampshire",1970,737681,7.3
356,"New Hampshire",1980,920610,7.3
357,"New Hampshire",1990,1109252,7.3
358,"New Hampshire",2000,1235786,7.3
359,"New Hampshire",2010,1316470,7.3
360,"New Hampshire",2020,1377529,7.3
361,"New Jersey",1910,2537167,9.7
362,"New Jersey",1920,3155900,9.7
363,"New Jersey",1930,4041334,9.7
364,"New Jersey",1940,4160165,9.7
365,"New Jersey",1950,4835329,9.7
366,"New Jersey",1960,6066782,9.7
367,"New Jersey",1970,7168164,9.7
368,"New Jersey",1980,7364823,9.7
369,"New Jersey",1990,7730188,9.7
370,"New Jersey",2000,8414350,9.7
371,"New Jersey",2010,8791894,9.7
372,"New Jersey",2020,9288994,9.7
373,"New Mexico",1910,327301,16.9
374,"New Mexico",1920,360350,16.9
375,"New Mexico",1930,423317,16.9
376,"New Mexico",1940,531818,16.9
377,"New Mexico",1950,681187,16.9
378,"New Mexico",1960,951023,16.9
379,"New Mexico",1970,1016000,16.9
380,"New Mexico",1980,1302894,16.9
381,"New Mexico",1990,1515069,16.9
382,"New Mexico",2000,1819046,16.9
383,"New Mexico",2010,2059179,16.9
384,"New Mexico",2020,2117522,16.9
385,"New York",1910,9113614,14.1
386,"New York",1920,10385227,14.1
387,"New York",1930,12588066,14.1
388,"New York",1940,13479142,14.1
389,"New York",1950,14830192,14.1
390,"New York",1960,16782304,14.1
391,"New York",1970,18236967,14.1
392,"New York",1980,17558072,14.1
393,"New York",1990,17990455,14.1
394,"New York",2000,18976457,14.1
395,"New York",2010,19378102,14.1
396,"New York",2020,20201249,14.1
397,"North Carolina",1910,2206287,12.8
398,"North Carolina",1920,2559123,12.8
399,"North Carolina",1930,3170276,12.8
400,"North Carolina",1940,3571623,12.8
401,"North Carolina",1950,4061929,12.8
402,"North Carolina",1960,4556155,12.8
403,"North Carolina",1970,5082059,12.8
404,"North Carolina",1980,5881766,12.8
405,"North Carolina",1990,6628637,12.8
406,"North Carolina",2000,8049313,12.8
407,"North Carolina",2010,9535483,12.8
408,"North Carolina",2020,10439388,12.8
409,"North Dakota",1910,577056,10
410,"North Dakota",1920,646872,10
411,"North Dakota",1930,680845,10
412,"North Dakota",1940,641935,10
413,"North Dakota",1950,619636,10
414,"North Dakota",1960,632446,10
415,"North Dakota",1970,617761,10
416,"North Dakota",1980,652717,10
417,"North Dakota",1990,638800,10
418,"North Dakota",2000,642200,10
419,"North Dakota",2010,672591,10
420,"North Dakota",2020,779094,10
421,"Ohio",1910,4767121,13.2
422,"Ohio",1920,5759394,13.2
423,"Ohio",1930,6646697,13.2
424,"Ohio",1940,6907612,13.2
425,"Ohio",1950,7946627,13.2
426,"Ohio",1960,9706397,13.2
427,"Ohio",1970,10652017,13.2
428,"Ohio",1980,10797630,13.2
429,"Ohio",1990,10847115,13.2
430,"Ohio",2000,11353140,13.2
431,"Ohio",2010,11536504,13.2
432,"Ohio",2020,11799448,13.2
433,"Oklahoma",1910,1657155,15.8
434,"Oklahoma",1920,2028283,15.8
435,"Oklahoma",1930,2396040,15.8
436,"Oklahoma",1940,2336434,15.8
437,"Oklahoma",1950,2233351,15.8
438,"Oklahoma",1960,2328284,15.8
439,"Oklahoma",1970,2559229,15.8
440,"Oklahoma",1980,3025290,15.8
441,"Oklahoma",1990,3145585,15.8
442,"Oklahoma",2000,3450654,15.8
443,"Oklahoma",2010,3751351,15.8
444,"Oklahoma",2020,3959353,15.8
445,"Oregon",1910,672765,12.1
446,"Oregon",1920,783389,12.1
447,"Oregon",1930,953786,12.1
448,"Oregon",1940,1089684,12.1
449,"Oregon",1950,1521341,12.1
450,"Oregon",1960,1768687,12.1
451,"Oregon",1970,2091385,12.1
452,"Oregon",1980,2633105,12.1
453,"Oregon",1990,2842321,12.1
454,"Oregon",2000,3421399,12.1
455,"Oregon",2010,3831074,12.1
456,"Oregon",2020,4237256,12.1
457,"Pennsylvania",1910,7665111,11.9
458,"Pennsylvania",1920,8720017,11.9
459,"Pennsylvania",1930,9631350,11.9
460,"Pennsylvania",1940,9900180,11.9
461,"Pennsylvania",1950,10498012,11.9
462,"Pennsylvania",1960,11319366,11.9
463,"Pennsylvania",1970,11793909,11.9
464,"Pennsylvania",1980,11863895,11.9
465,"Pennsylvania",1990,11881643,11.9
466,"Pennsylvania",2000,12281054,11.9
467,"Pennsylvania",2010,12702379,11.9
468,"Pennsylvania",2020,13002700,11.9
469,"Rhode Island",1910,542610,11.4
470,"Rhode Island",1920,604397,11.4
471,"Rhode Island",1930,687497,11.4
472,"Rhode Island",1940,713346,11.4
473,"Rhode Island",1950,791896,11.4
474,"Rhode Island",1960,859488,11.4
475,"Rhode Island",1970,946725,11.4
476,"Rhode Island",1980,947154,11.4
477,"Rhode Island",1990,1003464,11.4
478,"Rhode Island",2000,1048319,11.4
479,"Rhode Island",2010,1052567,11.4
480,"Rhode Island",2020,1097379,11.4
481,"South Carolina",1910,1515400,13.9
482,"South Carolina",1920,1683724,13.9
483,"South Carolina",1930,1738765,13.9
484,"South Carolina",1940,1899804,13.9
485,"South Carolina",1950,2117027,13.9
486,"South Carolina",1960,2382594,13.9
487,"South Carolina",1970,2590516,13.9
488,"South Carolina",1980,3121820,13.9
489,"South Carolina",1990,3486703,13.9
490,"South Carolina",2000,4012012,13.9
491,"South Carolina",2010,4625364,13.9
492,"South Carolina",2020,5118425,13.9
493,"South Dakota",1910,583888,11.4
494,"South Dakota",1920,636547,11.4
495,"South Dakota",1930,692849,11.4
496,"South Dakota",1940,642961,11.4
497,"South Dakota",1950,652740,11.4
498,"South Dakota",1960,680514,11.4
499,"South Dakota",1970,665507,11.4
500,"South Dakota",1980,690768,11.4
501,"South Dakota",1990,696004,11.4
502,"South Dakota",2000,754844,11.4
503,"South Dakota",2010,814180,11.4
504,"South Dakota",2020,886667,11.4
505,"Tennessee",1910,2184789,13.8
506,"Tennessee",1920,2337885,13.8
507,"Tennessee",1930,2616556,13.8
508,"Tennessee",1940,2915841,13.8
509,"Tennessee",1950,3291718,13.8
510,"Tennessee",1960,3567089,13.8
511,"Tennessee",1970,3923687,13.8
512,"Tennessee",1980,4591120,13.8
513,"Tennessee",1990,4877185,13.8
514,"Tennessee",2000,5689283,13.8
515,"Tennessee",2010,6346105,13.8
516,"Tennessee",2020,6910840,13.8
517,"Texas",1910,3896542,13.7
518,"Texas",1920,4663228,13.7
519,"Texas",1930,5824715,13.7
520,"Texas",1940,6414824,13.7
521,"Texas",1950,7711194,13.7
522,"Texas",1960,9579677,13.7
523,"Texas",1970,11196730,13.7
524,"Texas",1980,14229191,13.7
525,"Texas",1990,16986510,13.7
526,"Texas",2000,20851820,13.7
527,"Texas",2010,25145561,13.7
528,"Texas",2020,29145505,13.7
529,"Utah",1910,373351,9
530,"Utah",1920,449396,9
531,"Utah",1930,507847,9
532,"Utah",1940,550310,9
533,"Utah",1950,688862,9
534,"Utah",1960,890627,9
535,"Utah",1970,1059273,9
536,"Utah",1980,1461037,9
537,"Utah",1990,1722850,9
538,"Utah",2000,2233169,9
539,"Utah",2010,2763885,9
540,"Utah",2020,3271616,9
541,"Vermont",1910,355956,9.9
542,"Vermont",1920,352428,9.9
543,"Vermont",1930,359611,9.9
544,"Vermont",1940,359231,9.9
545,"Vermont",1950,377747,9.9
546,"Vermont",1960,389881,9.9
547,"Vermont",1970,444330,9.9
548,"Vermont",1980,511456,9.9
549,"Vermont",1990,562758,9.9
550,"Vermont",2000,608827,9.9
551,"Vermont",2010,625741,9.9
552,"Vermont",2020,643077,9.9
553,"Virginia",1910,2061612,10.2
554,"Virginia",1920,2309187,10.2
555,"Virginia",1930,2421851,10.2
556,"Virginia",1940,2677773,10.2
557,"Virginia",1950,3318680,10.2
558,"Virginia",1960,3966949,10.2
559,"Virginia",1970,4648494,10.2
560,"Virginia",1980,5346818,10.2
561,"Virginia",1990,6187358,10.2
562,"Virginia",2000,7078515,10.2
563,"Virginia",2010,8001024,10.2
564,"Virginia",2020,8631393,10.2
565,"Washington",1910,1141990,10.3
566,"Washington",1920,1356621,10.3
567,"Washington",1930,1563396,10.3
568,"Washington",1940,1736191,10.3
569,"Washington",1950,2378963,10.3
570,"Washington",1960,2853214,10.3
571,"Washington",1970,3409169,10.3
572,"Washington",1980,4132156,10.3
573,"Washington",1990,4866692,10.3
574,"Washington",2000,5894121,10.3
575,"Washington",2010,6724540,10.3
576,"Washington",2020,7705281,10.3
577,"West Virginia",1910,1221119,16.4
578,"West Virginia",1920,1463701,16.4
579,"West Virginia",1930,1729205,16.4
580,"West Virginia",1940,1901974,16.4
581,"West Virginia",1950,2005552,16.4
582,"West Virginia",1960,1860421,16.4
583,"West Virginia",1970,1744237,16.4
584,"West Virginia",1980,1949644,16.4
585,"West Virginia",1990,1793477,16.4
586,"West Virginia",2000,1808344,16.4
587,"West Virginia",2010,1852994,16.4
588,"West Virginia",2020,1793716,16.4
589,"Wisconsin",1910,2333860,10.6
590,"Wisconsin",1920,2632067,10.6
591,"Wisconsin",1930,2939006,10.6
592,"Wisconsin",1940,3137587,10.6
593,"Wisconsin",1950,3434575,10.6
594,"Wisconsin",1960,3951777,10.6
595,"Wisconsin",1970,4417731,10.6
596,"Wisconsin",1980,4705767,10.6
597,"Wisconsin",1990,4891769,10.6
598,"Wisconsin",2000,5363675,10.6
599,"Wisconsin",2010,5686986,10.6
600,"Wisconsin",2020,5893718,10.6
601,"Wyoming",1910,145965,10.4
602,"Wyoming",1920,194402,10.4
603,"Wyoming",1930,225565,10.4
604,"Wyoming",1940,250742,10.4
605,"Wyoming",1950,290529,10.4
606,"Wyoming",1960,330066,10.4
607,"Wyoming",1970,332416,10.4
608,"Wyoming",1980,469557,10.4
609,"Wyoming",1990,453588,10.4
610,"Wyoming",2000,493782,10.4
611,"Wyoming",2010,563626,10.4
612,"Wyoming",2020,576851,10.4
